{"cameraMode":{"drawMode":0,"name":"Shaded","section":"Shading Mode"},"sceneLighting":false,"audioPlay":false,"sceneViewState":{"showFog":true,"showMaterialUpdate":false,"showSkybox":false,"showFlares":true,"showImageEffects":true,"showParticleSystems":true},"in2DMode":false,"pivot":{"x":-0.005836993455886841,"y":0.23099718987941743,"z":-0.00241069495677948},"rotation":{"x":0.14860011637210847,"y":0.836144208908081,"z":-0.2760672867298126,"w":0.45007526874542239},"size":1.0710728168487549,"orthographic":true}