{"cameraMode":{"drawMode":0,"name":"Shaded","section":"Shading Mode"},"sceneLighting":false,"audioPlay":false,"sceneViewState":{"showFog":true,"showMaterialUpdate":false,"showSkybox":true,"showFlares":true,"showImageEffects":true,"showParticleSystems":true},"in2DMode":false,"pivot":{"x":-0.3431376814842224,"y":-0.1767578125,"z":0.7221424579620361},"rotation":{"x":-0.18771807849407197,"y":0.5500759482383728,"z":-0.12850648164749146,"w":-0.803532600402832},"size":21.494014739990236,"orthographic":true}