{"cameraMode":{"drawMode":0,"name":"Shaded","section":"Shading Mode"},"sceneLighting":false,"audioPlay":false,"sceneViewState":{"showFog":true,"showMaterialUpdate":false,"showSkybox":false,"showFlares":true,"showImageEffects":true,"showParticleSystems":true},"in2DMode":false,"pivot":{"x":-0.6201792359352112,"y":2.0812904834747316,"z":0.14051946997642518},"rotation":{"x":0.09393013268709183,"y":-0.6340685486793518,"z":0.07799877226352692,"w":0.7635774612426758},"size":5.868739128112793,"orthographic":true}