{"cameraMode":{"drawMode":0,"name":"Shaded","section":"Shading Mode"},"sceneLighting":false,"audioPlay":false,"sceneViewState":{"showFog":true,"showMaterialUpdate":false,"showSkybox":false,"showFlares":true,"showImageEffects":true,"showParticleSystems":true},"in2DMode":false,"pivot":{"x":0.040163516998291019,"y":0.28213053941726687,"z":0.007894344627857209},"rotation":{"x":0.14860011637210847,"y":0.836144208908081,"z":-0.2760672867298126,"w":0.45007526874542239},"size":1.3135087490081788,"orthographic":true}