{"cameraMode":{"drawMode":0,"name":"Shaded","section":"Shading Mode"},"sceneLighting":false,"audioPlay":false,"sceneViewState":{"showFog":true,"showMaterialUpdate":false,"showSkybox":false,"showFlares":true,"showImageEffects":true,"showParticleSystems":true},"in2DMode":false,"pivot":{"x":-0.14134550094604493,"y":0.8372151851654053,"z":-0.10398530960083008},"rotation":{"x":0.14860011637210847,"y":0.836144208908081,"z":-0.2760672867298126,"w":0.45007526874542239},"size":3.9241199493408205,"orthographic":true}