{"cameraMode":{"drawMode":0,"name":"Shaded","section":"Shading Mode"},"sceneLighting":false,"audioPlay":false,"sceneViewState":{"showFog":true,"showMaterialUpdate":false,"showSkybox":false,"showFlares":true,"showImageEffects":true,"showParticleSystems":true},"in2DMode":false,"pivot":{"x":0.11449998617172241,"y":-0.2275400161743164,"z":3.061650037765503},"rotation":{"x":0.37250247597694399,"y":-0.4916171431541443,"z":0.24479696154594422,"w":0.7480835318565369},"size":5.561825275421143,"orthographic":true}