{"cameraMode":{"drawMode":0,"name":"Shaded","section":"Shading Mode"},"sceneLighting":false,"audioPlay":false,"sceneViewState":{"showFog":true,"showMaterialUpdate":false,"showSkybox":false,"showFlares":true,"showImageEffects":true,"showParticleSystems":true},"in2DMode":false,"pivot":{"x":0.023951753973960878,"y":0.16858206689357758,"z":0.027042269706726075},"rotation":{"x":0.14860011637210847,"y":0.836144208908081,"z":-0.2760672867298126,"w":0.45007526874542239},"size":0.9408950805664063,"orthographic":true}