{"cameraMode":{"drawMode":0,"name":"Shaded","section":"Shading Mode"},"sceneLighting":false,"audioPlay":false,"sceneViewState":{"showFog":true,"showMaterialUpdate":false,"showSkybox":false,"showFlares":true,"showImageEffects":true,"showParticleSystems":true},"in2DMode":false,"pivot":{"x":-3.0,"y":0.8790346384048462,"z":-1.1920928955078126e-7},"rotation":{"x":0.37250247597694399,"y":-0.4916171431541443,"z":0.24479696154594422,"w":0.7480835318565369},"size":4.375085830688477,"orthographic":true}