{"cameraMode":{"drawMode":0,"name":"Shaded","section":"Shading Mode"},"sceneLighting":false,"audioPlay":false,"sceneViewState":{"showFog":true,"showMaterialUpdate":false,"showSkybox":false,"showFlares":true,"showImageEffects":true,"showParticleSystems":true},"in2DMode":false,"pivot":{"x":0.003313899040222168,"y":0.20009580254554749,"z":-0.012415945529937745},"rotation":{"x":0.14860011637210847,"y":0.836144208908081,"z":-0.2760672867298126,"w":0.45007526874542239},"size":0.9472638964653015,"orthographic":true}